body;popularity
It's official! 1 Bitcoin = $10,000 USD;4595
The last 3 months in 47 seconds.;791
It's over 9000!!!;3172
Everyone who's trading BTC right now;804
I hope James is doing well;1243
Weeeeeeee!;1531
Bitcoin.. The King;1180
Nothing can increase by that much and still be a good investment.;1321
This is why I want bitcoin to hit $10,000;918
Bitcoin Doesn't Give a Fuck.;1505
Working Hard or Hardly Working?;326
BREAKING: CIA turned every Microsoft Windows PC in the world into spyware. Can activate backdoors on demand, including via Windows update.;2023
Investing Tips from a Pro;598
Whoever put this up deserves a medal;319
BTC dropping due to lack of quality 11k memes. Closest support line is at 9k Vegeta memes.;821
Bitcoin today;1944
2018: lets run for office;994
What he would be wishing now? ðŸ˜‚;955
Lily Allen turned down 200K in Bitcoins for a gig in 2009 which is worth $1,426,199,000 as of this writing;1295
Bitcoinity USD $4000 gif;1268
Eleven!;578
How To Invest In Bitcoin;636
Almost everyone now is an Investor;555
"Danish Bitcoin billionaire new sponsor of professional Danish ice hockey team. Stadium to be renamed ""Bitcoin Arena"" and get a huge Bitcoin logo in the middle of the ice!";1022
I'm donating 5057 BTC to charitable causes! Introducing The Pineapple Fund;2933
$7,900+!! (am i doing this right?);493
Bitcoin breaks $5500, less than one day after it broke $5000.;2328
Sold some bitcoin to buy my new best bud ðŸ¤—;1752
"Localbitcoins.com is illegally holding my 9.3 bitcoin on ""escrow"" since may 2015";807
To the new guys, let's see how tough you really are;1374
Cheers!;492
Guy just did this on live tv;926
There are 180 different scenarios where bitcoin go. If any one thing happens remember me i am the first one to predict this;451
Warren Buffet:;992
Quick analysis of the markets this month;349
Guys... I'm out...;814
The Free Software Foundation has received a 91.45 Bitcoin donation from the Pineapple Fund. Valued at $1 Million USD.;423
When you are trying to buy the dip;660
What a time to be alive!;471
A glimpse into the future;1212
Microsoft joins Steam and stops accepting Bitcoin payments;2176
Hi, my name is Ross Ulbricht;2304
Rabobank Fined $369M for Money Laundering After Calling Bitcoin a Risk for Money Laundering;312
Yeah! Bitcoin!;496
Us Senate Bill S.1241 to criminalize concealed ownership of Bitcoin;1622
BTC Breaks $5000;2107
Don't invest recklessly;1980
Thank you Coinbase!! For taking sooo long to validate my identity, my account, and my bank transfers...your endless delays prevented me from investing in the crypto market before the crash!;556
Me in 60 years;645
Guys, I am out;1574
I spent 3 months building one of the best apps to track cryptocurrencies. Exchanges API sync, wallet tracking and many other features. I am not 16 but I invested a lot of time into this, can I get some attention anyway or am I going to get randomly downvoted as always? The app is also free.;1565
Insider tip: BTC is going to skyrocket in the next 48 hours;742
Can you feel the Pumpening?;436
This month in Bitcoin.;371
Quick grab the offer!;835
Sixty free lectures from Princeton on bitcoin and cryptocurrencies. Total time 13hr 20min. Links in post.;207
This hurts me in a different level.;593
Keeping Coinbase on their toes - Robinhood adds no-fee crypto trading!;910
Difference between New and Experienced Trader;181
Bitcoin Mining in Canada;553
Don't be this guy;728
possibly the worst thing about this crash...;2545
9 years ago block 0 was mined. Happy birthday Bitcoin!;456
We waited for that...;187
And that's why we need limited supply.;803
This is governments trying to regulate bitcoin.;549
<---- Number of Hodlers with Strong Hands;1127
Legendary story by John McAfee;472
Value is always in the eyes of the beholder;541
This is NOT OK. Upvote for visibility;1506
Edward Snowden on Twitter: Imagine if the government went after corruption as hard as it goes after guys who run filesharing sites. Priorities.;434
Farewell from the Pineapple Fund;611
John bets on Bitcoin;775
Amazing bitcoin billboard near LAX!;442
Time to invest!;330
I made a decision tree for everyone panic selling.;897
They never told me that buying the lambo would be the easy part...;495
"ðŸ $4mil will fund MDMA trials for PTSD; marked 'Breakthrough Therapy' by FDA. Pineapple Fund is matching MAPS donations 1:1. Reddit, let's make history by crowdfunding an incredible treatment for PTSD, in bitcoin!";558
Checking the Bitcoin price at work:;328
I see it every day.;289
The latecomerâ€™s BTC journey;271
It would be so easy then;222
How to transfer Bitcoin from Coinbase for free!;809
Every GPU's worst nightmare;380
It was a sad day when we had to retire this meme from our wall after 3.5 years. Next one will have an added zero!;237
BTC Grandpa already doubled his profit.;598
Microsoft restores bitcoin payments after â€˜working to ensure lower amounts would be redeemableâ€™;405
Don't be like Greg;370
Dutch national newspaper urges people to sell all their Bitcoins as it undermines the government, could destabilise the economy and reduces the power of central banks. Sounds like a reason to buy to me ðŸ¤”;987
Found this at a yard sale!!!;410
Bittrex / Disabled Locking 120,000$ Inside.;1474
Buying Bitcoin at $9,700;1688
Bitcoin has me feeling like...;567
Bitcoiners be like ðŸ˜‚;415
CEO of Google;450
My lambo with bitcoin;174
You knew this was coming... one of my faves last year;127
Why does Superman hate trading Bitcoin after 7pm?;310
TIL that the FBI seized 144,000 bitcoins from Ross Ulbricht (silk road guy) in 2013 following his arrest and conviction. They were valued at close to $28.5million at the time of seizure. They're now worth $1.9billion.;847
My brother killed himself because of BTC;1981
NiceHash was hacked. Looks like ~$60M stolen.;1291
$1000 dollar checkpoints be like;395
So here's what actually happened Today.;303
So I found my old harddrive.....;1105
My Russian friend sent me this joke;714
The Colonel of KFC weighs in on alt-coins;260
The Pirate Bay gets it;1017
A popular streamer started accepting crypto in donations, this is how he thanks them;368
"FORBES: ""South Korea Is Not Banning Bitcoin Trade, Financial Regulators Clarify"".";245
"We should use the ""Who Wants to be a Millionaire"" chart to get excited for each new price break";355
My BTC, which I've held for only 3 years, are today officially worth more than my 10+ years of investing into my 401(k).;882
Bitcointalk's famous user Loaded moved his 40k BTC stash to a native SegWit address. $1 in fee to move $400M+.;685
This Bitcoin chart is insane! Oh, waitâ€¦ thatâ€™s actually a chart of US dollar money printing.;1166
***** WARNING ****** DO NOT SEND ANY (LARGE) SUMS TO COINBASE. $40,000 wire transfer missing since 12/18 with ZERO response;1075
$15,000 Bitcoin Breached!;1967
Here's to all of our new friends, welcome!;340
Trying to play it cool with my life savings in Bitcoin;861
exceedingly efficient;205
Ellen DeGeneres Just Introduced Bitcoin to Her 3 Million US Viewers;620
Today my mom call it Bitcorn. Yesterday it was CoinBit. Stay tuned for tomorrow's new BTC name.;555
My parents' perception of me;162
Two biggest Bitcoin subs according to their counterparts (posted on both subs);463
Japans Largest Bank will be Launching its own Cryptocurrency Exchange | Coindelite News;383
New Years Party;249
If Bitcoin hits $100K, I think I care less about being rich than I do about rubbing it in everyones face that kept calling it a scam.;1949
Sir this seat is reserved for people with disabilities...;511
Looking at the price when you invested only what you can afford to lose;748
I will buy 10$ of bitcoin everyday instead of my daily cigarettes !;732
Very accurate representation of how my portfolio is doing;159
The difference between inflation and deflation...;1151
"My father has recently fallen in love with Bitcoin and has started painting Bitcoin art themes, I present to you his first: ""The Bitcoin Bull"" by Ludvig Manukyan. More info in comments.";268
Bitcoin is going to do to banks what email did the post office and Amazon did to retail.;1139
Guys Iâ€™m selling;464
1 BTC = $16,000!!! Absolutely Insane!;2322
How it feels to be checking Bitcoins price these days;205
âš¡âš¡âš¡ Bitcoin hits $6,500 and reaches a new ATH âš¡âš¡âš¡;907
Happy Bitcoin Pizza Day;276
Itâ€™s over 9000!!!!!!;420
"Everyone on r/Bitcoin right now waiting to press ""submit"" on their well-crafted 10K memes";134
I always carry around a 10 Trillion dollar bill, it reminds me, what happens when our banks f**k up.;481
Satoshi chose today's date as his birthday. On this date the Federal Reserve confiscated all the gold from the US citizens.;909
Old but I will never get tired of it;574
Asking a J.P. Morgan CEO what does he think of bitcoin is like asking a cab driver what are the advantages of Uber;325
This video of old school astronauts criticizing Elon saying he'll fail reminds me of Warren Buffett and others saying Crypto will fail;1002
Remember: NOBODY went to jail for '08, and now US Senate moves forward with bill, easing regulations on banks;391
Rekt;85
KFC Canada accepts Bitcoin!!!!;557
Epic Fail! Fake @bitcoin twitter account fails even to their own propaganda polls :P;493
NEWCOMERS. Don't be worried if we see a $6000-$7000 correction soon. The media is going to say bitcoin is dead. Just HODL and ride out the storm. Nothing can sustain this level of growth. I started collecting at $400, I've seen this happen a bunch of times.;1510
Officially 12k on GDAX REJOICE!;1240
Truth;155
Hodling now feels like...;403
Bitcoin Doesn't Give a Fuck.;272
Just a quick reminder why Bitcoin was invented in the first place. This used to be preaching to the choir. But these days I am not so sure.;649
Hopefully it gets over 20K;293
$3050!!;771
Muslim clerics just declared that owning bitcoin was compatible with Islam. A saudi just opened another $100 million dollar bitcoin fund as a result. The new flood of money coming in will dwarf all previous inflows.;741
Reasons why these price increases are NOT a good thing. no FUD, all facts.;394
Mood Currently.;448
The only thing my touchbar is good for;323
Please take a moment to thank Slush. His pool has continued to mine BTC even though it is less profitable. Without him this would have been a hell of a lot worse. <3 Slush and the miners in his pool.;523
Nobody blames a currency when criminals launder money, but if they used BitCoin suddenly itâ€™s a BitCoin problem;501
Who says you only HODL once?;341
I'm likely one of the Coinbase 14,000 that the IRS now has targeted. I will report EVERYTHING that occurs to this community.;1343
6000 motherfuckers!;1002
Quote from Andres Antonopolous.;829
Hodl vs spedn;598
Vocabulary for the newbies by u/KMSouthgate;404
US CONGRESS GOING FULL 1984 ON BITCOIN AND ASSETS;1140
"JP Morgan CEO who said only criminals use bitcoins is accused by a Senator of illegal activities. He responds by smiling and saying, â€œSo hit me with a fine. We can afford it""";359
When you see a rise in the Bitcoin price...;191
Coordinated bitcoin dump + network attack with high fees + coinbase adding Bcash... Thats what happened today.;1868
feeling crazy?;616
Steve Wozniak: Bitcoin is better than gold and USD;669
Silver linings friends....hodl on;62
when a robber asks for your wallet...;158
Probably JP Morgan;793
This scam is unacceptable. Let's do something about this!;751
Coinbase Hit With Class Action Claiming Insiders Benefited From 'Bitcoin Cash' Launch;493
I took a trip with some friends to a sleepy rural town in Japan, hours outside of Tokyo. We entered a cafe and were surprised to see that they accepted bitcoin. Here is my friend buying a chocolate cake.;295
Paging /u/calaber24p...;159
Petition to change upvote/downvote;183
"The Internet Archive: ""Wow! Gift of a lifetime to the open world! Pineapple Fund just gifted $1M in bitcoin to @internetarchive. We are blown away -- weâ€™ll strive to preserve our digital world. THANK YOU #pineapplefund 2018 looking up!""";195
Dirty forkers;586
The Secret Goldman Sachs Tapes - The reporter, Jake Bernstein, has obtained 47Â½ hours of tape recordings, made secretly by a Federal Reserve employee, of conversations within the Fed, and between the Fed and Goldman Sachs. The Ray Rice video for the financial sector has arrived.;723
He's not wrong.;444
What if the bank runs out of money;283
:/ That was an expensive coffee I just bought to show a demo transaction.;895
10 things I wish someone had told me when I was learning to trade crypto;522
Day 2: I will repost this guide daily until available solutions like Segwit & order batching are adopted, the mempool is empty once again, and transaction fees are low. You can help. Take action today;770
On this $9000 occasion, Let's give a round of applause to the creator: Mr Satoshi ðŸ‘;421
"Bitcoin exposes the massive economic illiteracy of financial journalism; arm yourselves with knowledge.";1750
Protestors are using using a P2P mesh network (Firechat) in Hong Kong to coordinate and not get shut down. Have you ever seen anything more powerful than this image?;510
We are just waiting for the good times now;148
This is Cryptocurrency;371
When did the value of crypto become the only thing we focus on?;955
Crypto Rider - A free game I made about racing on Bitcoin and other crypto's historical price graphs! (more info in comments);308
I don't care anymore.;1531
Bitcoin 2018: January vs May;173
Excuse me?;280
Dimitri understands it! You too?;167
Day 4: I will repost this guide daily until available solutions like SegWit & order batching are mass adopted, the mempool is empty once again, and transaction fees are low. ARE YOU PART OF THE SOLUTION? News: Unconfirmed TX's @ 174K, more exchanges adding SegWit, Core prioritizes SegWit GUI;368
I'm Mark KarpelÃ¨s, ex-CEO of bankrupt MtGox. Ask me anything.;1653
If anyone is having a bad day with crypto's market, Remember that today in 1976 Roland Wayne sold his 10% stake in APPLE for $800. Now it's worth $58,065,210,000;406
New to Bitcoin? Here's how to spot a correction..;554
But can Bitcoin do this?;314
GDAX has now kept over $10,000 worth of my BTC hostage from me for a MONTH.;577
Bitcoin today;221
SegWit2X Cancelled?;1084
"""A Wall Street CEO is implying average Bitcoin users are the ones who are criminals and committing financial fraud... Let that irony sink in""";194
Steve Wozniak: Bitcoin is better than gold and USD;194
SHOWER THOUGHT: What if we donated to create a Bitcoin Clock across the street from the famous NYC Debt Clock. But instead of counting up like the debt clock, the Bitcoin Clock would count down how many bitcoin remain to be mined. Roughly 4,196,563 as of today.;293
"Jamie Dimon: ""I regret""Â€Â™ calling bitcoin a fraud";459
After countless late nights, lines of code, bug fixes, and memes... We finally released Lightning for bitcoin mainnet!!!;389
I've made some free Bitcoin Icons;246
$100 checkpoints be like;204
Just Hodl It. (Found on FB);318
Buyers and sellers today.;494
Governments/Banks vs Bitcoin.;276
Thought I might share this in here. No way Bitcoin is going to survive folks...;830
Have to start somewhere.;124
Bitcoin? Anti-electricity cartoon from 1900.;316
"Starting a new company called Apple Unlimited! Please don't confuse this with our competitor, Apple. We did ""borrow"" all of their code, but we claim to follow the wishes of the great Steve Jobs, because the new guys that took over are ruining everything and censoring everyone!";688
"My wife confuses hodling with ""hatching"". She told her friends that i'm a bitcoin ""hatcher"" because i've been sitting on my bitcoins since 2013 waiting for them to hatch. \_(*o*)_/";320
Man buys $27 of bitcoin, forgets about them, finds they're now worth $886k | Technology;341
The original Bitcoin faucet used to give away 5 whole bitcoins;423
US bill has been made to remove taxes from BTC transactions under $600;547
Every new crypto investor!;281
GREAT NEWS: In Australia, Bitcoin has just hit a YTD new high and the same is bound to happen in America in just a few hours!;397
Amazon filed a patent to de-anonymize Bitcoin transactions and sell the data to law enforcement;701
Sometime in the late 21st century;201
Sold ~$5800 worth of BTC through Coinbase this week. $2490 has never been deposited. Unresponsive support. Please upvote for visibility;246
1BTC = 8000USD on GDAX;675
Finally joined the Cold Side;359
The State of Crypto;154
We all know what you're up to, Bitcoin;109
We did it!! BTC âœŒï¸;333
Newegg now accepts Bitcoin.;618
My response to everyone who sold yesterday below 12k;433
I've spent the last 4 months jobless building a Desktop Cryptocurrency Tracker: Moonitor. I'm not 16, my dog mentors me (true story) and no human touched/committed my code. Can I get some downloads/feedback please?;696
"""I think insider trading is a non-crime""-Roger Ver";1288
So they agree that fiat currency has no value anymore.;365
Lambo dream;113
The answer on Jeopardy today!;173
Received an unexpected text from my aunt..;188
Behold my 20 Bitcoin lawnmower bought mid 2012;292
/r/Bitcoin today;124
My wife made this for my birthday..;188
That's why you come here;167
Western Union filed a copyright claim against me for posting the parody ad to my large facebook page;646
We made it! $10,000=1 BTC;260
Just HODL.;167
Did you know? I didn't.;296
Say THANK YOU to all the citizens of South Korea who have signed.;325
Hahaha;193
I know who Satoshi is;151
Now We Know Who Sold the Bottom at $6k And Tried To Crash Bitcoin - Spoiler alert: it was Mt.Gox trustee;562
just saying, this is the time to get in.;362
I'm 16 and I made an app that will help you trade bitcoin and other cryptos.;774
Not an AMG but thank you Bitcoin from the bottom of my heart!;169
"South Korean gov't ""shocked"" at the number of citizens requesting the removal of Justice Minister and Finance Minister for market manipulation";236
Today, I will defend Bitcoin in front of the Finance committee at the Canadian parliament (live);404
Oh no;199
Apple co-founder Steve Wozniak: â€œBitcoin is mathematical. I am a mathematician. There are only 21 million. It is more legitimate than other systemsâ€;488
We've gotta be able to laugh at ourselves;401
Next stop 100,000$, in 1 year.;542
Applepay, keeping your payment history secret...;603
1 BTC is hidden in this puzzle. Good luck!;3320
Thanks a lot for your bitcoin donations on my street art piece in Paris, already 130$ received ðŸ™ðŸ™ðŸ™;176
Lesson - History of Bitcoin crashes;1679
This guy scammed a scammer! (x-post /r/justiceporn);359
DELL is now the world's largest ecommerce business to accept Bitcoin!;658
If you are HODL'ing...raise your hand;417
Hilarious satire protest outside Consensus, the website says Genesis Mining put it on. #bankersagainstbitcoin;182
$7452!;656
Newbies to Bitcoin right now;175
PSA: If you're new here and wondering how bitcoin works, take an hour or two to read through the whitepaper. It's 8 pages long and still the most lucid description of the system that I've ever read.;249
Saw this on twitter, thought I'd share it here;241
Bitcoin hits 6280$!! Raise of 280$ in 40 minutes!! Will we hit 6300??;736
South Korea is Preparing to Regulate and Legalize Bitcoin;367
Dutch court: Bitcoin is an official financial asset.;119
When Bitcoin price dips but you're a HODLer;371
Nope;585
Reddit quietly drops Bitcoin support... will no longer allow users to purchase Reddit Gold with Bitcoin;413
Miners right now.;487
Cryptodads are here to save bitcoin;199
Everyone, itâ€™s the world of crypto. All your TA means nothing;464
Altcoins waiting to see what Bitcoin will do;195
It's official! 1 Bitcoin = $10,000 USD;743
Is this a bull run?;230
All dressed up but nowhere to go.;117
Bitcoin made The Simpsons intro! Sorry for the potato quality;163
17000000 Bitcoins Have Been Mined! 4 millions to go! Happy anniversary day!;259
Whenever I meet up with my nocoiner friends...;132
Head of the Pack: Japan Endorses 11 Cryptocurrency Exchanges, Aims to Become Bitcoin Powerhouse;191
2:30am at an outdoor taco stand in Pomona, CA. No credit / debit accepted... But Bitcoin..? We got you fam.;363
Satoshi Nakamoto At a Blockchain conference in Santa Monica today.;463
Localbitcoins is now segwit compatible.;230
Bought at $19,500 AMA;1871
Bitcoin is the real Occupy Wall Street.;1301
I sold all my bitcoins, and bought a house!;656
Ayy lmao;52
Bitcoin Eclipse;63
Bitcoin?;356
Patiently waiting on this pullback...;567
Someone at Duolingo is onboard...;107
Who would imagine that mining cryptocurrencies and agriculture can work together? The first batch of cryptomatoes is ready to be harvested. We are using the excess heat for the tomato greenhouse and it is working:-);224
Mining Bitcoin with pencil and paper: 0.67 hashes per day;197
WOW, this just happened on Jeopardy! last night.;360
We made a Bitcoin Roller Coaster Mover Prototype using a Raspberry Pi. Looks like we got beat to the punch! :-);198
Fake or Fork;350
Cracks me up everytime;117
I work at a major electronics store. It's been like this nearly a month.;730
Waiting for the Bitcoin bubble to burst.;327
When your wife says you can't put any more of her money into Bitcoin;213
Millennials Love Bitcoin And Hate Stocks;902
Bitcoin is Now Listed as the Norm in the Business Section;141
"""My memory is failing, was it Bitcoin or was it JP Morgan that was bailed out by the government?""";249
Walter White's confession about bitcoin;177
The voice that's always there.;98
Thanks to the recent dip and consistent dollar cost averaging over the past 7 months, I have finally reached my goal of owning one whole bitcoin.;340
Altcoin Master;144
54% of reachable Bcash full nodes are running on virtual servers of Alibaba in China, against only 2% of Bitcoin, hmmmm;545
Crypto Trading 2017 / 2018;178
Silk Road operator Ross Ulbricht to sentenced life in prison;2082
on r/bitcoin right now;774
Found a text exchange from 2013 I had. I wanna cry and punch my 2013 self :(;246
CryptoRuble my ass;206
To bitcoin or not to bitcoin...;105
Lightning is going to come really soon! I can't wait for almost zero fee instant transactions. This will make a lot of Alts useless.;1038
Open Letter to Michael Casey - WSJ reporter who butchered my comments in today's Bitcoin cover story;1435
You know you want it;112
I bought yesterday. Be prepared for a crazy drop.;832
"""If NewEgg ever starts accepting bitcoins, I will leave Reddit forever."" - /u/witcoins";441
"Sh..should we get the ""it's over 9000"" memes ready?";198
Hodlers be like;289
I found one of us in the wild!;127
Erik Voorhees: â€œRoger - please stop referencing me to back up your opinion that Bitcoin Cash is Bitcoin. It isn't. Bitcoin is the chain originating from the genesis block with the highest accumulated proof of work. The Bitcoin Cash fork failed to gain majority, thus it is not Bitcoin.â€;395
We need to talk about Tai Lopez;547
Malta's prime minister is personally welcoming cryptocurrency exchange Binance to the country. Finally, crypto exchanges are getting proper support and banking services.;290
Sound advice;136
Don't let the FCC destroy the net! Take your stand;1021
When your favorite game hinted that you should have bought bitcoin before it even existed in 1994;157
Little Bit;157
Spot on;99
Differences;233
Banks on fire, by Alex Schaefer;276
Spotted this dude cheering at the Olympics!;85
Bitcoin's popularity in Africa continues to soar. This was the whole idea behind bitcoin and crypto - economic freedom. Not get rich quick scheme.;264
âš¡ Hackers tried to steal funds from a Lightning channel, just to end up losing theirs as the penalty system worked as expected;394
"""Anonymous bitcoin donor rains $56 million on stunned nonprofits"" (story about The Pinapple Fund)";199
"WikiLeaks on Twitter: ""We'd like to thank #Satoshi hoaxer Dr Craig Wright for showing how bankrupt the fact-checking standards are at the BBC, LRB & Economist.""";267
Bitcoin is Officially a Conspiracy;218
Kim Dotcom: No Government can stop the rise of crypto now. Bankers begin to panic. The old ripoff financial systems are crumbling. Beautiful! #bitcoin;713
When I invested in BTC and it isn't giving me my expected 34524% returns;228
Me, Calaber24p, Eating My Left Nut;808
Spurring a lot of conversations with this one...;339
... hey, Coinbase...;492
$2800! Welcome back, old friend. Pardon me, I don't believe we've met.;393
FACT: Even if you bought Bitcoin at 20k in Venezuela, you're still better off than if you just held Bolivars.;415
This is How Jamie Dimon Buys Bitcoin;155
Uncomfortable truths!!;451
Hodlers right now;453
Get your priorities straight;256
The Great Robocoin Rip-off: How we lost $25,000 buying a Robocoin ATM;911
"I was bored so I animated the ""Bitcoin Accepted Here"" image.";284
"""R.I.P. Bitcoin. It's Time to Move On""....funny billboard driving around in Miami";221
Iâ€™m one of the Senators attending today's U.S. Senate Banking Committee hearing related to bitcoin. What would you like me to know?;851
$902;305
My first Bitcoin purchase. I rented a car while in Las Vegas. Seemed appropriate.;252
Mark these wise words;333
CoinMarketCap should remove Bitcoin dot com website from Bitcoin's page;196
For 2 years now...;107
We all know what you're up to, Bitcoin;152
HODL;178
Will this ever happen?;406
Today it's Ross Ulbricht's 5th birthday spent in prison. Happy Birthday Ross! Keep fighting for justice!!!;989
Bitcoin has stabilized?;337
Bentley with bitcoin hood ornament;114
I was trying to buy a game on Steam, had no idea they accepted Bitcoin as a form of payment. Just got myself a new game! :);443
To everyone who bought in the dip...;597
"Coinbase: ""Following the fork, Coinbase will continue referring to the current bitcoin blockchain as Bitcoin (BTC) and the forked blockchain as Bitcoin2x (B2X).""";857
Bitcoin now shown on CNBC as a currency;271
Bitcoin takes a walk with Dogecoin;500
BitMex has just liquidated and distributed their Bitcoin Cash in the form of Bitcoin to their customers.;345
â€˜Buy Bitcoinâ€™ Overtakes â€˜Buy Goldâ€™ as Online Search Phrase;403
NSA hacked! Hackers asking for 1 Million BTC to release dump.;408
Bitcoffee - Buenos Aires, Argentina! These guys opened a bitcoin-accepting coffee shop named Bitcoffee! They'd never heard of Reddit! I told them to get ready to be internet-famous. Let's not disappoint them!;157
"""Bitcoin will be the single global currency of the internet,"" says founder of Twitter & Square";660
Found these stashed in my attic today. I know there's one more somewhere..;397
annnd awayyyy we go!;393
SEC made a announcement about Bitcoin not being a security;227
Noob question, don't upvote pls;281
Current Bitcoin Sentiment.;226
You can now buy Xbox credit with Bitcoin;380
Bitcoin Plummets To Levels Unseen Since December 6, 2017!;409
Reality;107
Love reading LinkedIn idiots.;375
Bitcoin made it to John Cena's Instagram!;230
Nick might actually be the most highly regarded person in the entire cryptocurrency space.;383
In the near future...;282
Someone sent Andreas 37BTC ($500k+) !!;608
JPMorgan CEO: Bitcoin is Fraud. Reuters in 2013: JPMorgan Fined $13 Billion For Fraudulent Mortgages.;318
Bad news;66
Polish Youtuber was paid ~30 000$ By Polish Bank to create FUD video about cryptocurrencies for his viewers;218
"""The barriers to entry for tech are very low compared to any other professional field. Male or female, you can make it without a CS degree, with no initial capital costs other than a computer, and all the material you need to learn and start practicing is freely available online.""";388
In mid 2012 I bought 600 Bitcoin.;358
$2000!! Bitcoin is dead. Long live Bitcoin.;333
My mom thinks I created bitcoin;345
Well, thatâ€™s 18k! Congratulations!;730
The Bitcoin Miner - Behind the Scenes;96
Bitcoin has sustained a 25% rise for more than a week now and yet no post here has reached /all. You guys know how reddit works right? Why aren't people voting here?;296
TigerDirect.com now accepting Bitcoin!!;769
Hodlers currently;314
Gotta love the market :).;79
Trying to trade these markets...;299
I heard some guy in the restroom of a club talking about bitcoins. After a short, extremely confusing conversation, he showed me what he was talking about...;563
Some day we'll look back at the US govt's sale of 144,336 BTC it stole from Silk Road as one of the worst financial mistakes in its history.;408
Bitcoin veterans right now;293
âš¡ï¸ needs you. Yes, you.;522
Learn how to buy bitcoin.;214
Yo dawg;300
Apple co-founder Steve Wozniak hopes bitcoin will become a single global currency;264
Clearly not mainstream yet;95
I am mining in the desert using 100% solar and I am profitable;928
Bitcoin accepted in 550 year old Istanbul market!;133
Been a while since this little guy's seen the top page!;62
Tim Cook exposes US Government overreach.;413
Don't get mad;258
Remember why we're holding, never sell.;454
What itâ€™s like to be Bitcoin;493
It's over 900,000!!!!!! /r/Bitcoin passes 900k subscribers.;174
Bitcoin Surges Above $4400 As World Realizes Jamie Dimon & China Don't Matter;305
When your GPU Doesn't know how good it's life is;129
We need to buy two pizzas using lightning on the mainnet to make lightning network official.;214
Vegeta, how much is bitcoin?;237
Time to Buy..........;659
âš¡ Lightning just got used to pay for a Steam game. Instant confirmation. Zero fees. Real bitcoins.;329
/r/Bitcoin FAQ - Newcomers please read;3088
Banks want to kill Bitcoin. Wealthy want to kill Bitcoin. Economists want to kill Bitcoin. Governments want to kill Bitcoin. Theyâ€™ll all learn you canâ€™t kill Bitcoin.;649
Arizona Passes Bill to Let Residents Pay Taxes in Bitcoin and Other Crypto. This is like Weed legalization... it starts with one state, then acceptance spreads!;204
Apple co-founder Steve Wozniak: â€œBitcoin is mathematical. I am a mathematician. There are only 21 million. It is more legitimate than other systemsâ€;225
mrn.jpg;251
Gotta ball in a bear market some how....;155
Countries banning Bitcoin;145
Bahahahahahaha ðŸ–•ðŸ¼ðŸ˜ ;97
Undercover Agents Working on Silk Road Case Charged with Theft and Money Laundering;593
Bitcoin price surpasses $4,500 for the first time since September 8, 1 month ago. Incredible resilience. China had no impact in mid-term.;188
Evidence Emerges of CNBC Collusion with Roger Ver, BCash;526
Satoshi Nakamoto or Vitalik Buterin No.2 :-D;104
Equifax hearing amazing trolling;111
Soon...;518
Ive been here hodling since 2012 and nothing is going to change now, id rather go down with the ship than sell my coins;443
I don't get it..;496
"When asked if I have any Bitcoin I used say ""A little."" From now on it's going to be ""No, wish I did though.""";596
Bitcoin core code was tested so thoroughly that devs uncovered a bug in OpenSSL (used in 35% of all websites). Repost;90
"Billionaire Peter Thiel doubles-down on Bitcoin, calling it ""true Digital Gold"".";296
This is me with the current price!;162
The smallest unit of Bitcoin (0.00000001 BTC) is worth 1 Venezuelan bolivar, a currency used by 30 million people.;239
Hello from Jimmy Wales of Wikipedia;787
One of the few Bitcoin memes I approve of;357
The moment my divorce lawyer saw that I had bitcoins to split with my ex-wife, he immediately asked to be paid in bitcoins.;759
4 hours later, let's take $2700. Fun day.;618
shower thought: When it runs up 30% in one week, people beg for a dip. When it dips 30% in one week, people scream that the 'bubble' has popped.;280
Banks trying to come down on crypto investers!! Tell them what you think!!;659
People actually listen now when I talk about Bitcoin;281
Breaking 7k!;277
I Am Officially a Bitcoin Billionaire;212
Polls suggest the Pirate Party who support Bitcoins as legal tender may win Saturday's election in Iceland;271
I only use BitCoin;114
A full node was born today. Serving the network at 1 Gbps.;427
Whales trying to shake me out, jokes on them;381
I just got -257 downvotes in 8 minutes for calling out hardcore vote manipulated FUD (+169 upvotes in 6 minutes). I'm sharing this because some people still deny the desperate astroturfing campaign against Bitcoin for the past several days. Weak!;526
Bitcoin going mainstream in Las Vegas;108
Bitcoin payments are now live on Overstock.com;587
Steam is no longer supporting Bitcoin;1798
REAL Satoshi Nakamoto denies being Dorian Nakamoto;1501
New to Bitcoin? Follow these 5 simple rules.;377
Thailand's Billionaire ex-Prime Minister doing a bit of reading...;130
On College Gameday this morning. New way for college kids to ask for money.;414
BREAKING: TD Ameritrade to allow bitcoin futures trading Monday;234
$5,000,000 in Bitcoin donated to a Universal Basic Income experiment!;914
Reddit now tracks user information by default. Link to the page to disable it.;245
Ask not what Bitcoin can do for you. What can you do for Bitcoin?;162
Goku is back;176
Twitter poll: Should the Bitcoin ecosystem switch from displaying value in bitcoin to displaying value in milli-bitcoin (mBTC)? Currently $16,950.00 vs. proposed $16.95 per unit.;592
Coinmarket cap removed Bitcoin.com from Bitcoin's website list.;145
Drunk British man hailed as saviour after buying Â£300 worth of pizza for strangers in America;179
"CEO of Binance actually gives a f***. This is the exact moment he was introduced to the Bermuda Shorts by the Bermuda Development Agency; A formal dress code in the country";121
DON'T BUY BITCOIN;213
It's over 9000!;177
Bitcoin price hits $1000;330
Bitcoin is going to crash!;450
Google confirms their payments team is working to incorporate bitcoin.;583
Confirmed: Apple allowing Bitcoin (virtual currency) apps. Section 11.17;432
We want to replace YouTube, Dropbox, Facebook, Spotify, ISPs, and more with decentralized apps based on proof of bandwidth. We need developers. Welcome to Bitcloud.;470
Bitcoin Adoption Soars in Africa in the wake of Increasingly Volatile Fiat Currencies;339
The British pound is the oldest fiat currency in existence at 317 years. The pound was originally defined as 12 oz. of silver. It's now worth less than 0.5% of its original value. In other words, the most successful long standing currency in existence has lost 99.5% of its value.;548
3,600 seconds in an hour, that means if you don't make $36 per hour, then it's worth one second of your time to bend down and pick up the penny. Trade all your pennies for satoshi;241
Jamie Dimon faces market abuse report after falsely calling bitcoin a fraud;247
Congrats to the CNN writer for explaining how the Gox loss was not bitcoin protocols fault;373
What 30$ looks in Venezuela's Currency.;309
Me after see bitcoin price this morning..;148
When Bitcoin hit 10k the first time vs now;247
Just a few months ago Bitcoin going to $10,000 was a huge celebration Now Bitcoin is at $10,000 and its like the end of the world. What an irony!!;1017
I sneezed at 17k now its 19k wtf;727
Mum knows best;149
Rand Paul - the only presidential candidate who accepts bitcoin as a donation - is currently filibustering the renewal of the Patriot Act;482
Trying to explain to the wife why we should buy more now;261
sold all my btc at 750 in nov 2016, then bought back in december 2017 at 18.5k;610
PSA - Known scammer Josh Garza of GAWMiners just launched a new Bitcoin exchange called Mineral as his latest scam. Not a late April Fool's Joke. Keep away if you don't want your BTC stolen.;278
The Blockchain is on the cover of this week's Economist.;253
Overstock CEO wants to do an AMA on /r/Bitcoin, let's encourage him!;173
Was watching CNBC when......;395
I am done with Coinbase/GDAX and you should be too.;1011
All I can afford right now thanks to Bitcoin, from the bottom of my heart.;82
This community MUST DEMAND Blockchain evidence of the missing 800k Bitcoin.;1114
"""Bitcoin cash"" on Aug1st";285
Bitcoin sign was just accepted for Unicode;330
This roundabout was just unveiled in Kranj, Slovenia;67
100 years has past and a new currency was discovered. I believe cryptocurrency can save the world.;221
*Must read for newcomers* My friend worked in the Bitcoin industry (broker) for a couple of years and has been involved in the crypto world since 2014. This is what he had to say about the recent politics of btc when someone asked him on our crypto trading channel;939
"SilkRoad domain states ""This Hidden Site Has Been Seized"" by numerous US Gov't Agencies";1376
Chris Giancarlo from CFTC is really killing it!;208
"Andreas Antonopoulos posted this response to ""a prominent member of the bitcoin community"" on patreon.";355
Wall Street Journal has gone from worrying that Bitcoin is a bubble that will crash, to worrying that it's not;440
DISH Teams Up with Coinbase to Become Largest Company to Accept Bitcoin;440
Today, August 14th 2017, XBT (Bitcoin) passed the market cap of $PYPL (PayPal);252
After being bombarded with 1 Star reviews, Circle has added 55+ Five Star reviews in 3 days, with painfully fake reviews.;421
Coinbase targeting Segwit support by next week;243
Guy on CNBC says $100USD bill is used for far more illicit activity than bitcoin.;179
B U Y T H E D I P;247
Countdown: Bitcoin Will Be a Legal Method of Payment in Japan in Two Months;191
I'm one of the developers of Honey, a browser extension with 700K users. We have an idea for a feature that lets people spend bitcoins seamlessly on Amazon. If you guys like it, we'll build it.;498
Decided to stop smoking and invest in BTC for my children instead;231
All 50 apartments listed in Bitcoin, sold out in Dubai;200
Last year, same price range;357
How early adopters feel right now after the price went from $400 to $600 in a matter of hours;651
Banks vs Bitcoin;311
Not now, son;219
Bitcoin transaction fees continue to drop. 30-50 sats/byte now confirmed on the next block.;387
C'mon...;196
Just found this on Twitter and itâ€™s hilarious! Sorry if such posts are not allowed or if someone has posted it earlier;142
Arizona Senate Votes to Accept Tax Payments in Bitcoin;134
Lets goooo yes bitcoin;280
My wife knows that I've been wanting to invest in bitcoin again, but we've been quite poor for the past couple years. So she's been investing a few dollars out of her paycheck everytime she got paid so she could surprise me. It's not a lot, but it's ours and I love her;696
Bitcoin community raises over $700,000 for Andreas Antonopoulos, one of the most influential voices within Bitcoin. Bitcoin community is not divided, it is supportive, vibrant, and active.;103
Yes, please!;325
[Chill out] That guy who doesn't understand bitcoin;149
Satoshi Nakamoto about bitcoin.com;314
So Yeah This Happened ..;215
07/Dec/2017 /r/Bitcoin reaches 500,000 subscribers;113
After buyin bitcoin the last 3 years my wallet now has more money than my 401k of 30 years;443
When you bought Bitcoin and other people did not;205
Donating to Snowden is now illegal and the U.S. Government can take all your stuff. - Thanks Obama.;1150
I am mining in the suburbs using 100% hydropower from my backyard creek and supplementing with backup power from hamster wheels. I am profitable AMA.;327
"Everyone on r/Bitcoin right now waiting to press ""submit"" on their well-crafted 10K memes";75
Tether was hacked by the same person who hacked Bitstamp in 2015 (x-post /r/cryptocurrency);299
You can try a testnet Bitcoin Lightning transaction right now !;620
Bitcoin chart has broken al barriers now;152
what it'll look like, when it happens;250
[PSA] New scam taking place through Reddit comments;370
Expedia Starts Accepting Bitcoin for Hotel Bookings - MoneyBeat;503
Guys look! CNN found the Executive Director of Bitcoin!;414
[Lightning] I didn't believe it until I saw it;676
[cz_binance] Just checked, btc price was $2500 a year ago, today $6800. Trading volume for btc was 780m a year ago, today is 3.4b. There you go.;250
"Bitcoin is a game changer in Africa: ""I wanted to buy a domain name, but VISA wouldn't process my order because I was in Ghana. I bought bitcoins on Kitiwa, and paid for the domain name through Namecheap. Thanks, Kitiwa!""";195
The early adopter feeling;231
"voat.co is down due to ""...a huge amount of traffic as a direct result of recent changes happening over at [reddit].... If you want to donate, well, now is the time."" - currently accepting bitcoin only.";246
MRW I buy all the BTC dips and finally catch a bottom;167
"funny how when it's flying high, everyone wishes it would drop down so they could buy more. then when it drops down, everyone panics and says ""should I sell?!""";433
The excitement Iâ€™ve had after my first week of owning bitcoin;121
Seems like it happens on purpose.;375
I spoke to an older professor at my University about Bitcoin. He's worried about it.;744
It's over 9000!!!;270
the crypto connection..;146
"Pierre Rochard: ""Until your altcoin successfully defeats a coordinated attack like NYA/S2X, with 90% of the hashrate and major businesses trying to force a hard fork, its immutability is untested and its monetary policy is suspect. Bitcoin has earned its keep, its immutability is beyond question""";345
"Bitcoin.org to denounce ""Segwit2x""";1166
MasterCard hired 5 lobbyists to attack Bitcoins and virtual currencies;497
My Dad today.;245
Bitcoin Cash should always be referred to as Bcash to avoid confusion among new bitcoin users. Bcash is just an altcoin like many others (please retweet);508
Bitcoin transaction: The Flow;124
I did a lecture for Barclays developers today and this is what they gave me as my speaker fee. Classy.;231
WARNING: HitBTC stole 5Btc deposit, even after I provided everything they asked for 2+ months!;463
Correlation between Reddit Daily Discussion Comments and BTC Trading Volume;179
Paypal is failing in EPIC fashion for the MillionaireMakers reddit. 1.40$ sent to receive 1$, freezing the winners account, etc. Meanwhile Changetip users are sending 1$ and 1$ is going to the winner. No issues;277
Spread the word: Lightning developer Elizabeth Stark will be on Bloomberg TV tomorrow;313
At least its not over hyped;154
Everything hurts.;155
One of the last posts made by Hal Finney on bitcointalk.org. For the uninitiated, Hal received the first ever transaction of bitcoin. 10 coins from Satoshi.;303
TigerDirect processes $250,000 in Bitcoin Payments in first 17 hours;343
Bitcoin: I just sent money to 80 people globally from Alaska to Zanzibar - it took me 15 minutes. 100% received the money instantly without error-- it cost me less than a dollar. No other system comes close.;429
Clearly not mainstream yet;396
"""Microsoft and Starbucks signed on to use the new platform for payments and accept BTC""";331
Craig Wright's signature is worthless;568
3rd(?) best day of my life! AMA!;517
Simplicity, ease of use, convenience all in one ad!;274
Shower Thought:. I bet more people already understand how Bitcoin works than how the Federal Reserve System works.;196
Real Talk;145
Look what just arrived!;160
"Bitcoin succeeds in part because it has no leader, no ""Jesus"", no ""messiah"". Bitcoin succeeds largely because it's face is... us. Please don't give anyone such a status. It's Paramount to Bitcoin's success.";261
The ninth transaction to the WannaCry address is a payment of 0.00001 BTC from an adress starting with 1FuckU. To whoever did this, THANK YOU;171
Edward Snowden voted Guardian person of the year 2013. I love Satoshi, but this was the right call.;217
45% of investors...;224
Taking my profits and finally getting my Lambo;118
6 months ago a guy took out a $325,000+ equity loan on his house to buy BTC. That amount is now worth $1,910,000;506
when you held and didn't sell the $5500 dip last week;181
Should you buy Bitcoin? A visual guide.;154
Microsoft beats Google by adding Bitcoin currency conversion to Bing;226
After seeing my bags down by 45%;403
I run the most southerly Bitcoin node in the world AMA;388
Got scammed out of 70K... is there anything I can do?;627
We have Segwit!!;604
This one got me ðŸ¤£;263
How much longer are we going to pretend we don't have an issue?;2001
Bitcoin Roller Coaster Desk Toy;157
I'm just going to leave this inside the wall I'm building today.;307
You guys are idiots this currency isnâ€™t working for me;283
The art of hodling;196
Announcing the new Ledger Wallet desktop and mobile applications;278
I run a airport shuttle bus in Australia and put a 'Bitcoin accepted here' sign in the bus. This is what most people think.;397
Signal from all the noise today;451
Dropping fiat for crypto;324
EU's Top Court Rules That Bitcoin Exchange Is Tax-Free;244
Do you know what time it is?;176
All we need is this kind of bull run!;122
"Coinbase: ""We're working on SegWit support and will have a public update soon.""";253
Congressman Calls To Ban U.S. Dollar In Response To Plea For Bitcoin Ban;293
Protestors are using using a P2P mesh network (Firechat) in Hong Kong to coordinate and not get shut down. Have you ever seen anything more powerful than this image?;246
I'm running for the Texas State Legislature. I support LGBT rights, pot, and net-neutrality and oppose the NSA and TSA. I also happen to be a long-time Bitcoin enthusiast. I'd love your support.;1023
Fox News Bitcoin Tie;229
"Tom Lee: ""Wall Street resents the fact that Bitcoin was not invented on Wall Street.""";224
[News] Coinbase is adding SegWit compatible sends/receives;231
I don'tâ€‹ always buy in the dip;129
I heard you guys like the roller coaster guy. But do you also like the Goldencoaster?;112
Some words for my friends;2115
Wheee....;159
Square (valuated at ~$5B) now lets sellers accept Bitcoin on their own storefronts;293
These adorable little girls just sold me snickerdoodles for Bitcoin in San Francisco. I asked them to say cheese for the internet :) (x-post r/pics);203
Possible Bitcoin Treasure Hunt....;481
I was cleaning my memory card and stumbled upon this picture somebody sent to me years ago.;146
Just so pure.;190
yup. ya gotta hodl.;177
Iâ€™ll say no more.;390
While everyone is jerking off on the price of Bitcoin, the US congress is sneaking the criminalization of bitcoiners in a hearing in Washington DC.;375
WikiPedia's Bitcoin page removed the Bitcoin dot com explorer, because it misleads its users.;153
So the 10k prediction by the end of the year was correct after all;287
Here is why the hash rate jumped and took a dive in days. EST. $3,600,000 worth - GONE!;616
"""China banning Bitcoin. Venezuelans surviving off of illegal mining. Time to take Bitcoin seriously as censorship resistant money, not cheap payments""";287
California just legalized marijuana - a $22 billlion industry can't open a bank account. Bitcoin, here's your chance!;197
Things you can't do with bitcoin #482;239
Did someone Asked for Support levels...;224
Day 9: I will post this guide regularly until available solutions like SegWit, order batching, and Lightning payment channels are mass adopted, the mempool is empty once again, and tx fees are low. Have you done your part?;191
"""Chill out everyone. Nothing of any substance has changed. Just a bunch of new drama, which you should ignore."" Andreas on twitter.";555
The internet of ransomware things...;89
MTGox still authoring invalid transactions;389
Hmmm, that looks familiar.;507
No one cares anymore it seems... $2300. Yay...;597
Truth about Bitcoin mining;141
And we hit 3400 with a new marketcap of 56 billions!;354
The Value of Crypto,Who can relate?;96
The mom and pop restaurant I work at now accepts Bitcoin as a payment;152
Love to go back and look at my previous comments. I donâ€™t comment much but vindication is sometimes sweet. My daughter will have a great education.;417
"Urgent: A ZDNET reporter has been emailing Senators and members of Congress urging them to condemn BTC as illegal currency. This is ZDNET, a supposedly respected tech publication. Let's tell them we don't agree with this kind of ""Journalism""";447
Ebay is 'seriously considering' accepting bitcoin;344
"Back in 2013, a single subway sandwich shop accepting Bitcoin got airtime on CNBC, and we were all jumping for joy. Nowadays we get full TV features about Bitcoin and people are like "" yawn, could be better"".";111
Day 5: I will post this guide regularly until available solutions like SegWit & order batching are mass adopted, the mempool is empty once again, and transaction fees are low. User demand from this community can help lead to some big changes. Have you joined the /r/Bitcoin SegWit effort?;268
"IN CASE YOU DIDN'T READ IT: The SEC disapproved the ETF because ""unidentifiable participants can influence the market"". If someone manipulates the broad Bitcoin market, the SEC requires that they be identifiable. THERE WILL NEVER BE AN SEC-APPROVED BITCOIN ETF. Get it out of your minds and move on.";482
Guy that owned 20% of AOL in 1990 has 50% of his money in BTC;297
$100,000 bounty for software platform that can replace the Bitcoin Foundation;522
Odds of winning Powerball (Lottery) vs guessing one bitcoin private key (by @Coinguybri);263
"""I am on vacation, let me play for a while"" - says Bitcoin :)";161
âš¡ï¸Announcing LND 0.4-beta âš¡ï¸;353
Found this today on the campus of my uni;224
woman trades 1BTC for pallet of USD fiat [circa 2021];185
Here is the bitcoin.com owner who created Bitcoin Cash to scam people and show real Bitcoiners a middle finger.;403
After 18 days below the McAfee curve, the price is back on track to $1 million;321
Saw this lambo in Vegas. Check out that plate.;273
American justice: HSBC launders billions, no jail time. Charlie sells bitcoin to a SR launderer, 2 years.;301
Saw this Father's Day card at Walmart;111
Popular torrenting software ÂµTorrent has included an automatic cryptocoin-miner in their latest update.;369
The Face Behind Bitcoin: Satoshi Nakamoto is... Satoshi Nakamoto;1814
How fast is the lightning network? Too fast.;236
I created a bitcoin wallet in 2010 and forgot about it. After seeing BTC hit $900, I went back and checked my stash...;447
"""When central banks like the PBOC feel threatened by BTC, you know that Bitcoin is doing the job it was intended for.""";153
Bitcoin Regret Club;385
Are you saying I can sell my bitcoin for millions someday?;446
I just transferred out my funds. I can no longer respect you. Goodbye Coinbase.;456
This is what I will be doing during the next Bull Run!;316
Remember: you need to panic sell now to lock in your losses.;442
Day 7: I will post this guide regularly until available solutions like SegWit & order batching are mass adopted, the mempool is empty once again, and tx fees are low. Do you want low tx fees, because this is how you get low tx fees;166
Louis C.K. now accepts bitcoin. Thanks Louis!;118
Rand Paul is first presidential candidate to accept donations in Bitcoin | CNN;410
eBay may accept BitCoin;255
Internet Archive: $3000 donated anonymously to the @internetarchive in bitcoin just now. Made our day! Thank you!;31
Banksy Bitcoin graffiti spotted in Paris: R.I.P. Fiat.;170
Because I trade Bitcoin, I am no longer able to receive Gas or Electricity to my home.;419
CEO of Bitcoinâ„¢ has officially banned China;223
Venezuela garbage money .. Thats why we need Decentralized Currency like BITCOIN;491
Julian Assange: My deepest thanks to the US government, Senator McCain and Senator Lieberman for pushing Visa, MasterCard, Payal, AmEx, Mooneybookers, et al, into erecting an illegal banking blockade against @WikiLeaks starting in 2010. It caused us to invest in Bitcoin -- with > 50000% return;25
Coinbase Should Stop Selling Bitcoin Cash (BCH). Seriously!;1091
When you HODL through a bear market;108
Vladimir Putin Says Russia Needs Blockchain, Cannot be Late in the Race;312
Overstock.com just emailed this article out to 41.7 million people;353
I just noticed my grandfathers front window.;123
When gemini roast you as you login;44
"Here it is ""How to close a Coinbase account""";368
The Panama paper shows: It's not Bitcoin that makes tax avoidance and criminal activities easy;102
Meanwhile...Bitcoin still feeds people.;379
"Nick Szabo retweeted: ""âš ï¸ If you are new to #bitcoin then please be aware that bitcoin .com is a fraudulent website. âš ï¸ This website is run by Roger Ver who is a known serial scammer. âš ï¸ The current main scam is the promotion of #bcash which is a fake version of bitcoin.""";295
MRW there's a fire sale;100
Because no one wants their coffee to cost 0.00347...;741
This is what happened when my small hot sauce company started accepting BTC and other crypto;282
If we apply the Senates argument to other things.;405
"Apple's CEO On Encryption: ""You Can't Have A Back Door That's Only For The Good Guys""";143
Arthur Nakamoto: My brother, Dorian Satoshi Nakamoto...;524
After Roger Ver openly admitting that he will promote Bitcoin Cash as Bitcoin we all should report the website as a phishing site to google!;640
Vladimir Putin has requested the Russian central bank not to create unnecessary obstacles for cryptocurrencies;180
"Someone said, ""Don't purchase stuff with bitcoin cuz we have to hodl Bitcoin."" That's terrible mindset.";480
SegWit transactions are now 30.71%!;198
"FORBES: Bitcoin dethrones gold as the ""new hedge"" in times of uncertainty!!!";252
Silk Road website founder Ross Ulbricht found guilty on all counts;1547
Tether Critical Announcement - $30,950,010 USDT was removed from the Tether Treasury wallet on November 19, 2017 and sent to an unauthorized bitcoin address.;741
"Cryptopia exchange: ""Due to a lot of users confusing BitcoinCash(BCH) with the real Bitcoin(BTC) we have renamed BitcoinCash to it more popular nickname BCash.""";229
Japan makes Bitcoin a legal currency now more popular than ever;172
Hi! My name is Varun, and I gave a TEDx talk about Bitcoin and the blockchain. I had around 50 people come up to me to learn more about Bitcoin in the following week! #spreadtheword;71
I love this meme a little too much;131
just lemme check the price...;292
Announcing the MIT Bitcoin Project ($100 in BTC for every undergraduate student);470
Andreas Antonopoulos' depiction of the day he became aware of the donations that made him a millionaire;214
Stitching Bitcoins;153
You know weâ€™ve gone parabolic when the front page still celebrates 10,000 but the price is already over 11,000;308
Bank of America admits in SEC Report that Bitcoin is a threat to the control of major banks;208
Mt Gox CEO resigns from Bitcoin Foundation;650
Bitcoin to Be Accepted at 260,000 Stores in Japan by This Summer;139
Business Owners can now freely advertise that they accept Bitcoin as a payment method on Yelp.com :);88
The people don't know their true power.;267
Dogecoin and Reddit get 1 min of airtime at Talladega.;362
Meanwhile in Pakistan;232
Blockchain.info's response to Apple removing Blockchain app from App Store;696
The nature and current risks of bitcoin as explained by Forbes in 2017;275
Visa confirms Coinbase wasnâ€™t at fault for overcharging users;92
Police chief asks to be paid in Bitcoin, city appoves.;247
Bitcoin is dead...again... :P (@comicbew);266
Ladies and Gentlemen: 7000;342
Meanwhile: Vegita is warming up for /r/Bitcoin's frontpage;167
Fasten your seat belts;106
Bitcoin over 6k, guess you guys aren't ready for that yet...;256
A quick lesson in blockchain history;45
Saudi Arabiaâ€™s most prominent newspaper lists Bitcoin prices among Gold & Crude Oil at the top of the Economy page!;179
I remember it like it was yesterday.;74
Be careful of using Coin.MX;299
A quick tutorial on how Bitcoin value works;84
The time has come!;248
Australia Bans Cash For All Purchases Over $10,000 Starting July Of 2019;516
Girlfriend got me this mug;81
Trading on BitMEX;91
EBay CEO serious about bitcoin;466
Waiting for the worst possible outcomes...;149
I can't be the only one the feels this way...;339
Trading disabled on Mt. Gox. --- ITS HAPPENING!;1185
1 Bitcoin now holds more value than 1 pound of gold;266
Coinbase Bans me After i Help them fix major Exploit;463
Bitcoin transction fee: $10,000 for 1 cent!!! Cheaper than banks now;268
I was SWATted a year ago. I haven't revealed what really happened... until now.;238
Bits of coin (Christmas gift from my parents);137
The price of Bitcoin has a 91% correlation with Google searches for Bitcoin;185
So I bought some last Sunday at $1910.00. ðŸ˜„;179
AT&T has effectively banned Bitcoin nodes by closing port 8333 via a hidden firewall in the cable box;342
Congressman Stockman Seeks to Introduce Bill to Congress Declaring Bitcoin A Currency, Not Property;373
Venezuela Orders Government Services to Accept Any Cryptocurrency;271
Bitcoin Could Be Used To Fund [Jihad], [Charity] ... How Would You Like This Wrapped?;120
Obvious Insider Trading is Obvious;1042
I thought I'd try..;201
At least we can feel good about recycling;51
This sub right now;266
50% below the prediction. McAfee is fine.;228
Retweet if you think @aantonop should have been a guest this week on @CNBCFastMoney instead of Roger Ver this week!;151
ä¹åƒä»¥ä¸Šã !!;68
Bitcoin Saved my Mom's life;294
r/personalfinance when you tell them you've invested in Bitcoin;459
My wife said this to me today;308
Spotted at a strip club in Vancouver, Canada;123
Buys Bitcoin once;216
Can we be sober for a second?;732
Not a great day for fiat.;247
Hard times create STRONG man;187
The silence is deafening. NYA CEOs must issue public statements;524
Success takes time. We are pioneers of a new worldwide financial system. Let that sink in.;390
Be like Bill!;229
Why so many of us are saying the China ban is 'good news';494
Bitcoin surpasses Western Union in daily transaction volume;216
Day 3: I will repost this guide daily until available solutions like SegWit & order batching are mass adopted, the mempool is empty once again, and transaction fees are low. ARE YOU PART OF THE SOLUTION? News: Unconfirmed TX's @ 274K, more exchanges adding SegWit, Core prioritizes SegWit GUI;221
In light of recent news...;97
BitPay And PayPal, An Unbeatable Payment Partnership;345
I tweeted this one year ago today. What a year...;139
CEO of BitInstant arrested for conspiracy to commit money laundering and running unlicensed money transmitting business;1089
"Hedge Fund Manager Mark Yusko: ""Only gamble was whether Bitcoin would make if from $0 to $100-- that was the real miracle. Going from $4,000 to $400,000 is easy""";272
EVERYONE needs to email/tweet/call CNBC and inform them that Roger Ver is NOT 'Bitcoin Jesus' anymore.;278
How it feels trying to sell high and buy low;90
I can't stress this enough. Pay your capital gains tax unless you want the government to move negativly towards crypto;1052
Official Microsoft Announcement;237
Senate of Canada get mindblown by Andreas Antonopoulos;438
Fed Banker Tries Criticizing Bitcoin, Ends Up Perfectly Describing The Fed;540
Mom is looking out for me in these difficult times;531
I'm really disappointed and embarrassed with /r/bitcoin today.;817
For all the newcomers out there;236
"ebay CEO ""We think Bitcoin will play a very important role in the future. Exactly how that plays out, and how we can best take advantage of it and enable it with PayPal, that's something we're actively considering. It's on our radar screen.""";382
Shouldn't we sponsor hackathons and capture the mindshare of young, brilliant programmers? Not a UFC fight to one-up Dogecoin.;339
So far I've made 42 transactions on Lightning Network, and it has cost me 600 sat (channel open) and about 120 sat in routing fees. total of 720 sat, or 4.9 cents. Virtually no other alt-coin can compete with these costs.;518
Mtgox caused 2013 and 2018 crash;425
I would like to thank $BCC for indirectly auditing ALL $BTC exchanges on their actual BTC holdings âœŒï¸;312
Breaking News: The dollar crashes below 0.0001 btc;122
Someone bought and sold 14,440BTC netting a cool 200m today;569
Segwit has been locked in! Congratulations everyone!;405
Global debt hits a new record high at $247 Trillion.;499
I'm done with this sh*t. SOLD;122
Sitcom The Big Bang Theory will dedicate a full episode on #Bitcoin;380
Last month starting on Nov 8, Bitcoin dropped about 25% from $7800 to $5800 while being attacked by a forked coin. Turns out that was a buying opportunity. HODL.;455
New Ledger features!;41
Me checking btc prices every morning;104
"""Bitcoin"" among list of keywords that earn an automatic censorship from /r/Technology submissions.";553
If bitcoin hits 25k by the end of December, I will get a tattoo of the bitcoin symbol.;281
In the Philippines;91
Coinbase's short-sighted money grab is @Gemini.com's gain. Trust is the number one concern for new adopters and nobody can trust CONBASE after today;383
Shot in 2010: imagine being this woman now ðŸ˜‚;184
You've heard of Elf on the Shelf, now get ready for;346
Samsung Begins To Accept Bitcoin In Stores (Online Stores Planned For The Near Future);75
Reminder: Encrypt and store your bitcoin offline - U.S. Congress Quietly Passes CLOUD Act to Increase Gov't Access to Online Info;278
Recovering!;86
Someone on 4Chan actually bought a Lamborghini with 216 Bitcoin;671
How many of you are like Ricky;35
My mom sent me a text saying she found this in a bag she picked up at a thrift store! I'm literally shaking!!!;974
Dear Ben Lawsky, thank you for the totalitarian suggestions but we won't be needing them. If this is on the front page you know what most of us think.;774
Here's a TEDx talk I did explaining Bitcoin in simple terms! I will also answer EVERY question that new /r/bitcoin members have about Bitcoin posted as a reply to this - guaranteed!;548
Proud of my boys!;307
I can't be the only one;273
Bitcoin jumps above $1,000 for first time in three years | Reuters;201
I thought we could use a bit of humor in these difficult times... :);64
My barista made this in my coffee this morning;141
Remember when 1 BTC cost $12K, $14K, $15K...;500
"Bitcoin Core is preparing / planning the version scheme for 0.17 - For those interested in ""non-price / FUD "" articles";176
Watching Bitcoin head towards 20k like;108
Today's Celebration: Satoshi Nakamoto published the bitcoin whitepaper 9 years ago! HODL and NO2X!!!;166
FACT: Wikileaks, the whistleblowing website, turned to Bitcoin for donations after Paypal & credit card companies refused to deal with them.;149
Andreas Antonpoulos on scaling and how theï»¿ obvious solution to scaling is not always the right one;277
I felt this should be here. Early investors don't always get lucky.;266
New Colorado Marijuana Vending Machines Will Accept Bitcoin;210
Someone donated 1 BTC for Samourai wallet, a free wallet for everyone;220
I'm /r/Bitcoin's new AutoModerator bot;119
A great math teaching youtuber just made a technical video explaining bitcoin.;85
How it feels to trade BTC;139
/r/Bitcoin.... We need to talk....;451
Spent half a year buying dips to accumulate bitcoin. Just made my first purchase with it - a jar of onion chutney from a farmer's market. Still buying dips.;88
Andreas: I'm fundraising for Dorian Nakamoto;997
Bitcoin.com has fixed it's webpage after lawsuit;562
Dear Slim, I wrote to you but still ainâ€™t calling;186
Everyone Please Be Careful;410
One of the world's biggest banks just admitted bitcoin could destroy existing finance firms;182
Wells Fargo used my Bitcoin as an asset to approve my home loan.;420
This belongs here .......;184
"""If you don't think Bitcoin is going to be attacked, you've misunderstood what this is about."" â€”Andreas Antonopoulos";189
The Silk Road DPR movie is happening and The Cohen Brothers are writing it.;141
Bitcoin Still Feeds People (March 17, 2013 vs Today);172
Mods are having fun with their families. You know what to do.;38
Best Phishing Scam I've ever seen! Raising awareness (I would have fallen for only a few years ago).;396
Khan Academy accepting bitcoin donations;81
What do you believe in? Bitcoin or Gold?;522
Billboard in Omaha;148
That 6k support, thoughâ€¦ ðŸ˜;330
When an early adopter hears me bragging on how i survived my first major dip.;114
Apple confirms - bitcoin integration already in the works.;97
Just a reminder, If you want the best r/bitcoin it is important for everyone to vote on every post. It stops the small groups of people from controlling what is seen. There are very active people here now admitting they are trying to crash bitcoin.;403
Japan Officially Recognizes Bitcoin and Digital Currencies as Money;111
The front page of r/bitcoin in 10 years.;385
99% of terrorists, drug dealers and pedophiles use shoes. Shoes aid them in their nefarious acts.Please sign my petition to have the government regulate shoes. : Shoes;353
High expectation Asian dad just raised his expectations again;72
It's Official: First Bitcoin Lightning Network Payment Completed;128
So I got a letter from my rinky dink bank (USA-Pennsylvania);741
[UPDATE + WRITEUP] I'm attempting to reach a security contact at Blockchain.info to report a vulnerability, and all contact is being ignored. Please upvote for visibility.;330
I officially witnessed the future today. I just made my first real purchase over lightning on Bitcoin mainnet. ðŸ˜;367
255% Bitcoin return in past year: USD price was $2,478 one year ago, today it's $6,327. This is incredible year-on-year growth! Not a crash. Ignore FUD. Stay positive.;371
US Dollar tanks hard;184
Bitmex will dump all their Bcash for bitcoins!;398
"F.A. Hayek in 1984: ""I don't believe we shall ever have a good money again before we take the thing out of the hands of government, that is, we can't take it violently out of the hands of government, all we can do is by some sly roundabout way introduce something that they can't stop.""";297
eBay may accept Bitcoin via third party payment processor;187
When you get desperate for those lost bitcoins.;247
Waking up this morning and seeing all the 9000 posts...;25
"Goldman Sachs CEO: ""Still thinking about #Bitcoin. No conclusion - not endorsing/rejecting. Know that folks also were skeptical when paper money displaced gold.""";206
"One year ago my manager said ""No way in hell this investment firm will trade bitcoin"". Today my manager said that we will start soon!";144
Price Drop, donâ€™t PANIC! Follow these steps;104
1600 !;335
Bitcoin: none of you seem to understand...;124
The Women of Tinder Talk Bitcoin;407
"Got a 0 on an assignment about Bitcoin for it not being ""age appropriate!""";898
Bitcoin accepted at my dentist's office;202
heh;135
how do I register on mtgox?;397
âš¡ï¸âš¡ï¸MAINNET LIGHTNING NETWORK HAS REACHED 200 NODES.;328
I just spent $7.51 to send $218! No one is going to use this!;564
[CrazyIdeas] Graffiti artists should put Bitcoin QR codes beside their work, giving people the ability to support their favorite artists while promoting high quality artwork;93
I think this subreddit should seriously consider having suicide hotline info posted.;786
Subway Accepting Bitcoins!;271
All in so im like;79
[Lightning] The future just arrived at my doorstep!;287
The French President holding a Ledger Blue, showing his love for Bitcoin;440
Twitch accepts Bitcoin!!! Biggest videogame streaming service worldwide, owned by Amazon;94
"Coinbase, the reason Segwit wasn't a ""Top 5"" feature request was because no one could have imagined you were stupid enough NOT to work on it. YOU were the ones crying about high fees and transaction limits, and given the tools to scale you've done jackshit";191
3rd street art piece in Paris with a Bitcoin QR code ðŸŽ¨Already 1000$ received ðŸ™ Thanks for all of your support crypto community, the best to come (crypto art exhibition and more pieces using crypto) !;165
Bitcoinprice right now with all the big news happening;199
Stop begging Apple to support Bitcoin. They are totally corrupted. Start promoting/investigating alternatives - new docs show iPhones are completely rooted by the NSA.;549
The Worldâ€™s Email Encryption Software Relies on One Guy, Who is Going Broke;279
"Former Director of US Mint, Edmund Moy, - ""It's time banks got competition. Time for cryptocurrencies""";145
MtGox breaks $1000 on Bitcoinity;527
just saw this posted on a wall in north London and thought it was genius;80
TOM LEE: Bitcoin's bloodbath was totally normal, and now offers 'the biggest buying opportunity in 2018';164
"""rat poison"" returns!!";235
[TA] Classic double bart reversal pattern;81
r/Bitcoin is larger now than r/investing;269
U.S. Senator Joe Manchin (D) just called for a complete ban on Bitcoin.;1112
Limited time offer;317
Wikimedia Foundation now accepts bitcoin;302
I used my CNC machine to mill out an aluminum bitcoin vanity address keychain for my dad's Christmas gift. He's never owned a bitcoin before.;425
"I Got Lucky; Then I Got Stupid. Very Stupid.";676
[HALVING MEGATHREAD] Block 420000 has been mined. Mining reward is now 12.5 BTC per block. The second halvening is now complete!;442
Is it legal to sleep in one's Lamborghini parked on the street?;122
Unaware Millionaire;247
Charlie Lee: I have a trusted source that says that there's no truth to China banning mining or network.;290
We need to rethink our strategy...;250
Satoshi Nakamoto nominated for the Nobel Prize in Economic Sciences;142
Chrome team here! Here's what happened with KryptoKit this morning.;197
[PROOF] More than 90% of S2X nodes are Amazon AWS instances;513
"I was feeling a bit Artistic. Enjoy ""The Bitcoin Bearwhale""";138
Hodling on Capital Hill;185
/r/Bitcoin FAQ - Newcomers please read;286
CNN got it: Bitcoin is not just digital currency. It's Napster for finance.;305
Found a helpful infographic. Could be handy to respond with this when people forget what Bitcoin is called...;287
SegWit2X Suspending plans for the upcoming 2MB upgrade.;373
Tokyo police: Mt. Gox heist was inside job. Only 1% of 650,000 missing bitcoins were stolen by hackers;270
In an ironic taste of their own medicine, web host Neocities throttles the internet speed of the FCC until they pay $1000 for premium internet access. They also accept payment in Bitcoin.;189
Watch out! Fake bitaddress;125
Bitcoin Core 0.15.1 released;264
After 4y I made 12x on my Bitcoin investment and finally reached $1M yesterday. I owe it mostly to this subreddit. AMA;648
Lightning Network Megathread;334
Joy of Tech does a Bitcoin comic;264
$1B Bitcoins On The Move: Owner Transfers ~$100M to Bitfinex And Binance In 10 Days;606
Investor in Bitcoins;206
Whenever I talk about blockchain;44
27/Dec/2017 /r/Bitcoin reaches 600,000 subscribers;86
Lightning Protocol 1.0: Compatibility Achieved âœ… â€“ Lightning Developers â€“ Medium;393
"Finally! Coinbase: ""Our engineering team has finished testing of SegWit for Bitcoin on Coinbase. We will be starting a phased launch to customers over the next few days and are targeting a 100% launch to all customers by mid next week"".";112
Just realised: the James Bond villain in Skyfall is actually mining bitcoins;142
"PayPal featuring Bitcoin in his app, ""We can spend Bitcoin with a tap"".";651
My Lambo with Bitcoin;88
Pls consider supporting the Gemini, the twins have been a great promoter of bitcoin, we need competition amongst exchanges, the twins are very deserving of our support!;325
In case nobody noticed, Coinbase returned that guy's $200k from last week.;161
Lawsuit from over 600 Bitcoin Users against Bitcoin.com and CEO Roger Ver;332
"PSA: Lately there's been a lot of ""hate this/boycott that"" company on r/bitcoin. The cultism and fanaticism mentality of ""us against them"" belongs on a different subreddit. Let's keep it that way.";324
Stolen from r/dankmemes u/skimmilkmaster;148
In Australia there is currently an investigation into banks and their practices, and the results are frightening;116
Chinese banks be like...;111
US Marshall to Auction Seized Bitcoins;697
30,000 Meals Fed to The Homeless With Bitcoin. Thank you all for a great year.;60
So someone told me if I accept bitcoins on my website, I get free advertising/upvotes from you guys?;222
As someone who invested in Bitcoin in December;178
The reality of Bitcoin hitting $10k in the next few days is making u/calaber24p scared;190
Holy Smokes Bitcoin, I'm freaking out...and Western Union is dead!;453
"Not a lambo, but she's mine thanks to BTC ;-)";108
Thank You Kind Stranger;96
Coinbase CEO: In the next 3â€“5 years, you will see countries going into economic crisis and could see the organic adoption of cryptocurrencies;365
I am a taxi driver in Dublin, Ireland. I always offer my customers their change in Bitcoin.;188
Soon to be the standard;31
Bitfinex refers to BCH as Bcash. ðŸ‘ðŸ‘ðŸ‘;184
Gentlemen, it has been a privilege playing with you tonight.;153
When you donâ€™t know what HODL is:;118
Overstock.com to Begin Accepting Bitcoin Second Half of 2014;181
Paid for a tank of gas with Bitcoin;252
Unrealized Losses;122
2018 Will Be Like This;229
Coinbase and the Mempool;140
Day 8: I will post this guide regularly until available solutions like SegWit, order batching, and Lightning payment channels are mass adopted, the mempool is empty once again, and tx fees are low. BTC Core SegWit GUI coming May 1, Coinbase incompetence exposed, more exchanges deploy SegWit;177
NSA Whistleblower reveals himself. Mentions Tor, EFF. This is a hero.;159
Catered for Coinbase, Got Paid in BTC!;199
"I really like this picture for Bitcoin. I think we should all try to circulate it more because it emphasizes the ""connected"" and ""network"" aspect of Bitcoin. I'm sick of seeing pictures of physical metal coins associated with Bitcoins. Bitcoin is a network- Not a coin.";151
USA or Bitcoin?;576
Nasdaq Plans to Launch Bitcoin Futures in First Half 2018;291
When you mention Bitcoin...;203
I gave my daughter 5 BTC in 2011. This is what she spent 0.6 BTC on.;126
Holders Power;160
Latecomers be like;112
Coinmarketcap just removed references of bitcoin.com and block explorer;259
With Andreas & his well-deserved donations likely to be covered on MSM shortly it may be a good time for someone with solid writing & reference skills to update his Wikipedia entry which hasn't been expanded since 2014. The world needs to be aware of the story behind this humble yet remarkable man.;111
Steam taking bitcoins now. When did that start?;171
Open letter to Leah McGrath;607
